,#,Name,Class/Position,Class/Position.1,Height,Weight,YOB,Hometown / Last Team,Yr / Pos,Yr / Pos.1,S/C,Yr / Pos,Yr / Pos.1,Hometown,City,State
2,#4,Lee Goren,Senior,W,3-Jun,205,77,"Winnipeg, Manitoba/Minot (SJHL)",,,,,,"Winnipeg, Manitoba",Winnipeg, Manitoba
4,#6,Tim O'Connell,Senior,D,4-Jun,210,77,"Grand Forks, North Dakota/Fargo-Moorhead (USHL)",,,,,,"Grand Forks, North Dakota",Grand Forks, North Dakota
6,#8,Mike Commodore,Junior,D,4-Jun,225,79,"Fort Saskatchewan, Alberta/Fort Saskatchewan",,,,,,"Fort Saskatchewan, Alberta",Fort Saskatchewan, Alberta
7,#9,Jason Ulmer,Senior,C,10-May,175,78,"Wilcox, Saskatchewan/Notre Dame (SJHL)",,,,,,"Wilcox, Saskatchewan",Wilcox, Saskatchewan
9,#11,Peter Armbrust,Senior,W,11-May,200,77,"Edina, Minnesota/Edina High School",,,,,,"Edina, Minnesota",Edina, Minnesota
14,#19,Ryan Bayda,Freshman,F,11-May,185,80,"Saskatoon, Saskatchewan/Vernon (BCHL)",,,,,,"Saskatoon, Saskatchewan",Saskatoon, Saskatchewan
16,#21,Jeff Yurecko,Freshman,F,2-Jun,195,80,"Edina, Minnesota/Edina High School",,,,,,"Edina, Minnesota",Edina, Minnesota
17,#22,Pat Kenny,Sophomore,W,1-Jun,200,77,"Edmonton, Alberta/Quesnel (BCHL)",,,,,,"Edmonton, Alberta",Edmonton, Alberta
19,#24,Brad DeFauw,Senior,W,3-Jun,210,77,"Apple Valley, Minnesota/Apple Valley High School",,,,,,"Apple Valley, Minnesota",Apple Valley, Minnesota
21,#26,Jason Noterman,Freshman,F,9-May,175,78,"Rochester, Minnesota/Green Bay (USHL)",,,,,,"Rochester, Minnesota",Rochester, Minnesota
25,#30,Jason Endres,Freshman,G,8-May,155,77,"Grand Forks, North Dakota/Fargo-Moorhead (USHL)",,,,,,"Grand Forks, North Dakota",Grand Forks, North Dakota
0,#1,Karl Goehring,,,7-May,150,78,"Apple Valley, Minnesota / Fargo-Moorhead (USHL)",SR,G,,,,"Apple Valley, Minnesota ",Apple Valley, Minnesota 
1,#3,Trevor Hammer,,,Jun-00,180,78,"Roseau, Minnesota / Roseau High School",SR,D,,,,"Roseau, Minnesota ",Roseau, Minnesota 
2,#4,David Hale (NJD),,,1-Jun,200,81,"Colorado Springs, Colorado / Sioux City (USHL)",FR,D,,,,"Colorado Springs, Colorado ",Colorado Springs, Colorado 
4,#6,Nate Wright,,,11-May,185,80,"Alexandria, Minnesota / Chicago Steel",FR,LD,,,,"Alexandria, Minnesota ",Alexandria, Minnesota 
5,#7,Travis Roche,,,1-Jun,190,78,"Whitecourt, Alberta / Trail (BCHL)",SO,D,,,,"Whitecourt, Alberta ",Whitecourt, Alberta 
7,#10,Bryan Lundbohm,,,10-May,180,77,"Roseau, Minnesota / Lincoln (USHL)",JR,C,,,,"Roseau, Minnesota ",Roseau, Minnesota 
8,#11,Pat O'Leary,,,11-May,187,79,"Fargo, North Dakota / Fargo-Moorhead (USHL)",FR,W,,,,"Fargo, North Dakota ",Fargo, North Dakota 
9,#14,Adrian Hasbargen,,,10-May,187,79,"Warroad, Minnesota / Alaska-Anchorage",JR,D/F,,,,"Warroad, Minnesota ",Warroad, Minnesota 
12,#17,Jeff Panzer,,,10-May,160,78,"Grand Forks, North Dakota / Fargo-Moorhead (USHL)",SR,C/W,,,,"Grand Forks, North Dakota ",Grand Forks, North Dakota 
15,#20,Wes Dorey,,,11-May,175,76,"Edmonton, Alberta / Weyburn (SJHL)",SR,C/W,,,,"Edmonton, Alberta ",Edmonton, Alberta 
20,#28,Paul Murphy,,,10-May,180,77,"Manvel, North Dakota / North Iowa (USHL)",JR,D,,,,"Manvel, North Dakota ",Manvel, North Dakota 
21,#29,Mike Possin,,,2-Jun,200,77,"St. Cloud, Minnesota / Twin Cities (USHL)",JR,W,,,,"St. Cloud, Minnesota ",St. Cloud, Minnesota 
0,#1,Josh Siembeda,,,9-May,175,83,"Porcupine, Ontario / Waterloo (USHL)",FR,G,,,,"Porcupine, Ontario ",Porcupine, Ontario 
7,#9,Chris Fournier,,,8-May,165,82,"Anchorage, Alaska / Lincoln (USHL)",FR,F,,,,"Anchorage, Alaska ",Anchorage, Alaska 
9,#13,Brendan Connelly,,,9-May,170,79,"White Bear Lake, Minnesota / Air Force (CHA)",JR,F,,,,"White Bear Lake, Minnesota ",White Bear Lake, Minnesota 
13,#18,Tim Skarperud,,,Jun-00,185,78,"Grand Forks, North Dakota / Sioux City (USHL)",JR,F,,,,"Grand Forks, North Dakota ",Grand Forks, North Dakota 
14,#19,Ryan Bayda (CAR),,,Jun-00,190,80,"Saskatoon, Saskatchewan / Vernon (BCHL)",JR,F,,,,"Saskatoon, Saskatchewan ",Saskatoon, Saskatchewan 
16,#21,Derek Faul,,,Jun-00,180,81,"Spy Hill, Saskatchewan / Notre Dame (SJHL)",FR,F,,,,"Spy Hill, Saskatchewan ",Spy Hill, Saskatchewan 
18,#23,Aaron Schneekloth,,,11-May,190,78,"Calgary, Alberta / South Surrey (BCHL)",SR,D,,,,"Calgary, Alberta ",Calgary, Alberta 
22,#27,Chad Mazurak,,,11-May,190,78,"Regina, Saskatchewan / Lincoln (USHL)",SR,D,,,,"Regina, Saskatchewan ",Regina, Saskatchewan 
25,#35,Andy Kollar,,,7-May,140,77,"Winnipeg, Manitoba / Fargo-Moorhead (USHL)",SR,G,,,,"Winnipeg, Manitoba ",Winnipeg, Manitoba 
0,#1,Josh Siembida,,,9-May,175,83,"Porcupine, Ontario / Waterloo (USHL)",,,,SO,G,"Porcupine, Ontario ",Porcupine, Ontario 
2,#3,Matt Jones,,,Jun-00,,83,"Lisle, Illinois / Green Bay",,,,SO,RD/LD,"Lisle, Illinois ",Lisle, Illinois 
3,#4,David Hale,,,1-Jun,200,81,"Colorado Springs, Colorado / Sioux City",,,,JR,LD/RD,"Colorado Springs, Colorado ",Colorado Springs, Colorado 
5,#6,Andy Schneider,,,Jun-00,200,81,"Grand Forks, North Dakota / Lincoln",,,,SO,RD/LD,"Grand Forks, North Dakota ",Grand Forks, North Dakota 
10,#11,Zach Parise,,,11-May,180,84,"Faribault, Minnesota / Shattuck-St. Mary's HS",,,L,FR,F,"Faribault, Minnesota ",Faribault, Minnesota 
13,#16,Kevin Spiewak,,,10-May,190,79,"Schaumburg, Illinois / Omaha (USHL)",,,,SR,F,"Schaumburg, Illinois ",Schaumburg, Illinois 
14,#17,Ryan Connelly,,,9-May,175,82,"White Bear Lake, Minnesota / Waterloo (USHL)",,,,SO,F,"White Bear Lake, Minnesota ",White Bear Lake, Minnesota 
18,#24,Chris Leinweber,,,10-May,180,81,"Calgary, Alberta / Calgary (AJHL)",,,,SR,D,"Calgary, Alberta ",Calgary, Alberta 
20,#26,Jason Notermann,,,10-May,180,78,"Rochester, Minnesota / Green Bay (USHL)",,,,SR,F,"Rochester, Minnesota ",Rochester, Minnesota 
23,#31,Ryan Sofie,,,7-May,145,79,"Brainerd, Minnesota / Flagstaff (WSHL)",,,,JR,G,"Brainerd, Minnesota ",Brainerd, Minnesota 
24,#35,Marc Ranfranz,,,7-May,170,78,"Rochester, Minnesota / Rochester Mustangs",,,,JR,G,"Rochester, Minnesota ",Rochester, Minnesota 
4,#5,David Lundbohm,,,1-Jun,194,79,"Roseau, Minnesota / Fargo-Moorhead (USHL)",,,R,SR,F/LW,"Roseau, Minnesota ",Roseau, Minnesota 
6,#7,Brandon Bochenski (OTT),,,2-Jun,195,82,"Blaine, Minnesota / Lincoln (USHL)",,,R,JR,F,"Blaine, Minnesota ",Blaine, Minnesota 
10,#11,Zach Parise (NJD),,,11-May,180,84,"Faribault, Minnesota / Shattuck-St. Mary's",,,L,SO,F,"Faribault, Minnesota ",Faribault, Minnesota 
13,#15,Tyler Palmiscno,,,9-May,165,79,"East Grand Forks, Minnesota / Sioux City (USHL)",,,L,SR,F,"East Grand Forks, Minnesota ",East Grand Forks, Minnesota 
14,#18,Drew Stafford,,,2-Jun,200,85,"Faribault, Minnesota / Shattuck-St. Mary's",,,R,FR,F,"Faribault, Minnesota ",Faribault, Minnesota 
20,#25,Ryan Hale,,,2-Jun,220,78,"Colorado Springs, Colorado / Waterloo (USHL)",,,R,SR,F,"Colorado Springs, Colorado ",Colorado Springs, Colorado 
25,#33,Nate Ziegelmann,,,9-May,180,82,"Grand Forks, North Dakota / Lincoln (USHL)",,,L,FR,G,"Grand Forks, North Dakota ",Grand Forks, North Dakota 
1,#2,Matt Greene (EDM),,,3-Jun,224,83,"Grand Ledge, Michigan / Green Bay (USHL)",,,R,JR,D,"Grand Ledge, Michigan ",Grand Ledge, Michigan 
2,#3,Matt Jones (PHO),,,Jun-00,218,83,"Lisle, Illinois / Green Bay (USHL)",,,L,SR,RD/LD,"Lisle, Illinois ",Lisle, Illinois 
4,#6,Andy Schneider (PIT),,,Jun-00,215,81,"Grand Forks, North Dakota / Lincoln (USHL)",,,L,SR,D,"Grand Forks, North Dakota ",Grand Forks, North Dakota 
5,#8,Nick Fuher,,,2-Jun,190,81,"Grand Forks, North Dakota / Lincoln (USHL)",,,L,SR,D,"Grand Forks, North Dakota ",Grand Forks, North Dakota 
6,#9,Quinn Fylling,,,11-May,188,82,"Minot, North Dakota / Sioux Falls (USHL)",,,R,SR,F,"Minot, North Dakota ",Minot, North Dakota 
7,#10,Rory McMahon,,,1-Jun,185,82,"Perdue, Saskatchewan / Penticton (BCHL)",,,R,SR,C,"Perdue, Saskatchewan ",Perdue, Saskatchewan 
10,#14,Brady Murray (LAK),,,9-May,180,84,"Brandon, Manitoba / Salmon Arm (BCHL)",,,R,SO,F,"Brandon, Manitoba ",Brandon, Manitoba 
15,#20,James Massen (NJD),,,2-Jun,219,82,"Bismarck, North Dakota / Sioux Falls (USHL)",,,R,SR,F,"Bismarck, North Dakota ",Bismarck, North Dakota 
17,#22,Brian Canady,,,1-Jun,195,80,"Kenai, Alaska / Waterloo (USHL)",,,R,SR,F,"Kenai, Alaska ",Kenai, Alaska 
22,#29,Colby Genoway,,,1-Jun,201,83,"Morden, Manitoba / Winkler (MJHL)",,,R,SR,F,"Morden, Manitoba ",Morden, Manitoba 
23,#30,Jake Brandt,,,9-May,167,81,"Roseau, Minnesota / Lincoln (USHL)",,,L,SR,G,"Roseau, Minnesota ",Roseau, Minnesota 
0,#1,Jordan Parise,,,11-May,190,82,"Faribault, Minnesota / Waterloo (USHL)",,,L,JR,G,"Faribault, Minnesota ",Faribault, Minnesota 
3,#5,Todd Alexander,,,11-May,190,84,"New Hope, Minnesota / Fargo (NAHL)",,,L,FR,D,"New Hope, Minnesota ",New Hope, Minnesota 
7,#9,Jonathan Toews,,,1-Jun,180,88,"Winnipeg, Manitoba / Shattuck-St. Mary's",,,L,FR,F,"Winnipeg, Manitoba ",Winnipeg, Manitoba 
9,#11,Rastislav Spirko,,,9-May,175,84,"Vrutky, Slovakia / Tri-City (USHL)",,,L,SO,F,"Vrutky, Slovakia ",Vrutky, Slovakia 
10,#13,Lee Marvin,,,Jun-00,197,81,"Warroad, Minnesota / Lincoln (USHL)",,,L,SR,D/F,"Warroad, Minnesota ",Warroad, Minnesota 
12,#15,Travis Zajac (NJD),,,2-Jun,205,85,"Winnipeg, Manitoba / Salmon Arm (BCHL)",,,R,SO,F,"Winnipeg, Manitoba ",Winnipeg, Manitoba 
15,#18,Drew Stafford (BUF),,,2-Jun,200,85,"Faribault, Minnesota / Shattuck-St. Mary's",,,R,JR,F,"Faribault, Minnesota ",Faribault, Minnesota 
16,#19,Mike Prpich,,,Jun-00,180,82,"Kenaston, Saskatchewan / Penticton (BCHL)",,,L,SR,F,"Kenaston, Saskatchewan ",Kenaston, Saskatchewan 
23,#27,Matt Smaby (TBL),,,5-Jun,220,84,"Minneapolis, Minnesota / Shattuck-St. Mary's",,,L,JR,D,"Minneapolis, Minnesota ",Minneapolis, Minnesota 
7,#9,Jonathan Toews (CHI),,,2-Jun,202,88,"Winnipeg, Manitoba / Shattuck-St. Mary's",,,L,SO,F,"Winnipeg, Manitoba ",Winnipeg, Manitoba 
15,#21,Erik Fabian,,,2-Jun,202,83,"Roseau, Minnesota / Topeka (USHL)",,,R,SR,F,"Roseau, Minnesota ",Roseau, Minnesota 
16,#22,Brian Lee (OTT),,,3-Jun,205,87,"Moorhead, Minnesota / Moorhead HS",,,R,SO,D,"Moorhead, Minnesota ",Moorhead, Minnesota 
17,#24,Chris Porter (CHI),,,1-Jun,197,84,"Thunder Bay, Ontario / Lincoln (USHL)",,,L,SR,F,"Thunder Bay, Ontario ",Thunder Bay, Ontario 
18,#25,Scott Foyt,,,11-May,184,82,"Andover, Minnesota / Tri-City (USHL)",,,R,SR,D/F,"Andover, Minnesota ",Andover, Minnesota 
23,#31,Anthony Grieco,,,1-Jun,187,88,"Brampton, Ontario / Wellington (OPJHL)",,,L,FR,G,"Brampton, Ontario ",Brampton, Ontario 
0,#1,Jean-Philippe Lamoureux,,,8-May,152,84,"Grand Forks, North Dakota / Lincoln (USHL)",,,L,SR,G,"Grand Forks, North Dakota ",Grand Forks, North Dakota 
3,#4,Taylor Chorney (EDM),,,Jun-00,196,87,"Hastings, Minnesota / Shattuck-St. Mary's",,,L,JR,D,"Hastings, Minnesota ",Hastings, Minnesota 
6,#7,T.J. Oshie (STL),,,Jun-00,192,86,"Warroad, Minnesota / Warroad HS",,,R,JR,F,"Warroad, Minnesota ",Warroad, Minnesota 
13,#17,Rylan Kaip (ATL),,,1-Jun,188,84,"Radville, Saskatchewan / Notre Dame (SJHL)",,,R,SR,F,"Radville, Saskatchewan ",Radville, Saskatchewan 
14,#18,Michael Forney (ATL),,,2-Jun,188,88,"Thief River Falls, Minnesota / Lincoln HS",,,R,SO,F,"Thief River Falls, Minnesota ",Thief River Falls, Minnesota 
20,#26,Kyle Radke,,,Jun-00,212,85,"Bashaw, Alberta / Grande Prairie (AJHL)",,,L,SR,F/D,"Bashaw, Alberta ",Bashaw, Alberta 
21,#28,Robbie Bina,,,8-May,165,83,"Grand Forks, North Dakota / Lincoln (USHL)",,,R,SR,D,"Grand Forks, North Dakota ",Grand Forks, North Dakota 
24,#31,Landon Snider,,,Jun-00,170,88,"Brainerd, Minnesota / Brainerd HS",,,L,FR,G,"Brainerd, Minnesota ",Brainerd, Minnesota 
0,#2,Joe Finley (WSH),,,7-Jun,245,87,"Edina, Minnesota / Sioux Falls (USHL)",,,L,SR,D,"Edina, Minnesota ",Edina, Minnesota 
4,#6,Zach Jones,,,11-May,192,87,"Lisle, Illinois / U.S. National Under-18",,,L,SR,D,"Lisle, Illinois ",Lisle, Illinois 
5,#8,Ryan Martens,,,Jun-00,200,85,"Selkirk, Manitoba / Quesnel (BCHL)",,,R,SR,F,"Selkirk, Manitoba ",Selkirk, Manitoba 
7,#10,Andrew Kozek (ATL),,,11-May,195,86,"Sicamous, British Columbia / Surrey (BCHL)",,,L,SR,F,"Sicamous, British Columbia ",Sicamous, British Columbia 
9,#14,Brad Miller,,,10-May,170,86,"Alpharetta, Georgia / Green Bay (USHL)",,,R,SR,D,"Alpharetta, Georgia ",Alpharetta, Georgia 
11,#16,Ryan Duncan,,,6-May,159,85,"Calgary, Alberta / Salmon Arm (BCHL)",,,L,SR,F,"Calgary, Alberta ",Calgary, Alberta 
15,#20,Matt Watkins (DAL),,,10-May,182,86,"Aylesbury, Saskatchewan / Vernon (BCHL)",,,L,SR,F,"Aylesbury, Saskatchewan ",Aylesbury, Saskatchewan 
22,#30,Aaron Walski,,,11-May,179,84,"Fargo, North Dakota / Bismarck (NAHL)",,,L,SR,G,"Fargo, North Dakota ",Fargo, North Dakota 
24,#35,Graeme Harrington,,,11-May,186,87,"Glenside, Saskatchewan / Drydan (SIJHL)",,,L,FR,G,"Glenside, Saskatchewan ",Glenside, Saskatchewan 
2,#4,Corey Fienhage (BUF),,,3-Jun,215,90,"Apple Valley, Minnesota / Indiana (USHL)",,,R,SO,D,"Apple Valley, Minnesota ",Apple Valley, Minnesota 
8,#11,Darcy Zajac,,,1-Jun,196,86,"Winnipeg, Manitoba / Salmon Arm (BCHL)",,,R,SR,F,"Winnipeg, Manitoba ",Winnipeg, Manitoba 
12,#18,David Toews (NYI),,,10-May,191,90,"Winnipeg, Manitoba / Shattuck-St. Mary's",,,R,SO,F,"Winnipeg, Manitoba ",Winnipeg, Manitoba 
22,#29,Chris VandeVelde (EDM),,,2-Jun,207,87,"Moorhead, Minnesota / Lincoln (USHL)",,,L,SR,F,"Moorhead, Minnesota ",Moorhead, Minnesota 
1,#3,Derrick LaPoint (FLA),,,3-Jun,205,88,"Eau Claire, Wisconsin / Green Bay (USHL)",,,L,SR,D,"Eau Claire, Wisconsin ",Eau Claire, Wisconsin 
2,#4,Derek Forbort (LAK),,,5-Jun,200,92,"Duluth, Minnesota / U.S. Under-18",,,L,FR,D,"Duluth, Minnesota ",Duluth, Minnesota 
3,#5,Chay Genoway,,,9-May,177,86,"Morden, Manitoba / Vernon (BCHL)",,,L,SR,D,"Morden, Manitoba ",Morden, Manitoba 
4,#7,Danny Kristo (MON),,,11-May,188,90,"Eden Prairie, Minnesota / Omaha (USHL)",,,R,SO,F,"Eden Prairie, Minnesota ",Eden Prairie, Minnesota 
5,#8,Mike Cichy (MON),,,11-May,190,90,"New Hartford, Connecticut / Indiana (USHL)",,,L,SO,F,"New Hartford, Connecticut ",New Hartford, Connecticut 
9,#13,Brett Bruneteau (WSH),,,11-May,195,89,"Omaha, Nebraska / Des Moines (USHL)",,,L,SO,F,"Omaha, Nebraska ",Omaha, Nebraska 
11,#15,Brent Davidson,,,4-Jun,218,86,"Morden, Manitoba / Neepawa (MJHL)",,,L,SR,F,"Morden, Manitoba ",Morden, Manitoba 
12,#17,Jason Gregoire (NYI),,,11-May,196,89,"Winnipeg, Manitoba / Lincoln (USHL)",,,L,JR,F,"Winnipeg, Manitoba ",Winnipeg, Manitoba 
13,#18,Dillon Simpson,,,2-Jun,205,93,"Edmonton, Alberta / Spruce Grove (AJHL",,,L,FR,D,"Edmonton, Alberta ",Edmonton, Alberta 
14,#19,Evan Trupp,,,9-May,174,87,"Anchorage, Alaska / Penticton (BCHL)",,,L,SR,F,"Anchorage, Alaska ",Anchorage, Alaska 
16,#21,Matt Frattin (TOR),,,Jun-00,206,88,"Edmonton, Alberta / Fort Saskatchewan (AJHL)",,,R,SR,F,"Edmonton, Alberta ",Edmonton, Alberta 
17,#22,Brad Malone (COA),,,2-Jun,212,89,"Miramichi, New Brunswick / Sioux Falls (USHL)",,,L,SR,F,"Miramichi, New Brunswick ",Miramichi, New Brunswick 
19,#25,Jake Marto,,,Jun-00,173,86,"Grand Forks, North Dakota / Omaha (USHL)",,,L,SR,D,"Grand Forks, North Dakota ",Grand Forks, North Dakota 
20,#26,Brett Hextall (PHO),,,11-May,195,88,"Manhattan Beach, California / Penticton (BCHL)",,,R,JR,F,"Manhattan Beach, California ",Manhattan Beach, California 
22,#28,Ryan Hill,,,3-Jun,202,88,"Hermantown, Minnesota / Sioux Falls (USHL)",,,L,SO,F/D,"Hermantown, Minnesota ",Hermantown, Minnesota 
5,#9,Mario Lamoureux,,,9-May,185,88,"Grand Forks, North Dakota / Tri-City (USHL)",,,L,SR,F,"Grand Forks, North Dakota ",Grand Forks, North Dakota 
9,#14,Taylor Dickin,,,2-Jun,201,89,"Winnipeg, Manitoba / Selkirk (MJHL)",,,L,SO,F,"Winnipeg, Manitoba ",Winnipeg, Manitoba 
18,#24,Ben Blood (OTT),,,4-Jun,226,89,"Plymouth, Minnesota / Indiana (USHL)",,,L,SR,D,"Plymouth, Minnesota ",Plymouth, Minnesota 
22,#29,Brock Nelson (NYI),,,4-Jun,192,91,"Warroad, Minnesota / Warroad High School",,,L,SO,F,"Warroad, Minnesota ",Warroad, Minnesota 
23,#31,Brad Eidsness (BUF),,,Jun-00,184,89,"Chestermere, Alberta / Okotoks (AJHL)",,,L,SR,G,"Chestermere, Alberta ",Chestermere, Alberta 
24,#32,Aaron Dell,,,Jun-00,209,89,"Airdrie, Alberta / Calgary Canucks (AJHL)",,,L,JR,G,"Airdrie, Alberta ",Airdrie, Alberta 
0,#2,Andrew MacWilliam (TOR),,,2-Jun,230,90,"Calgary, Alberta / Camrose (AJHL)",,,L,SR,D,"Calgary, Alberta ",Calgary, Alberta 
1,#4,Derek Forbort (LOS),,,4-Jun,218,92,"Duluth, Minnesota / U.S. Under-18 (NTDP)",,,L,JR,D,"Duluth, Minnesota ",Duluth, Minnesota 
3,#7,Danny Kristo (MTL),,,11-May,185,90,"Eden Prairie, Minnesota / Omaha (USHL)",,,R,SR,F,"Eden Prairie, Minnesota ",Eden Prairie, Minnesota 
4,#8,Dan Senkbeil,,,4-Jun,218,91,"Fremont, California / Alaska (NAHL)",,,L,SO,D/F,"Fremont, California ",Fremont, California 
6,#10,Corban Knight (FLA),,,2-Jun,200,90,"High River, Alberta / Okotoks (AJHL)",,,R,SR,F,"High River, Alberta ",High River, Alberta 
14,#20,Joe Gleason (CHI),,,9-May,180,90,"Edina, Minnesota / Des Moines (USHL)",,,R,SR,D,"Edina, Minnesota ",Edina, Minnesota 
20,#27,Carter Rowney,,,2-Jun,208,90,"Sexsmith, Alberta / Grande Prairie (AJHL)",,,R,SR,F,"Sexsmith, Alberta ",Sexsmith, Alberta 
25,#35,Tate Maris,,,9-May,172,88,"Denver, Colorado / Bozeman (NPJHL)",,,L,SR,G,"Denver, Colorado ",Denver, Colorado 
6,#10,Adam Tambellini (NYR),,,3-Jun,167,94,"Edmonton, Alberta / Surrey (BCHL)",,,L,FR,F,"Edmonton, Alberta ",Edmonton, Alberta 
7,#11,Derek Rodwell (NJD),,,2-Jun,202,90,"Taber, Alberta / Okotoks (AJHL)",,,R,SR,F,"Taber, Alberta ",Taber, Alberta 
12,#18,Dillon Simpson (EDM),,,2-Jun,197,93,"Edmonton, Alberta / Spruce Grove (AJHL)",,,L,SR,D,"Edmonton, Alberta ",Edmonton, Alberta 
13,#19,Rocco Grimaldi (FLA),,,6-May,172,93,"Rossmoor, California / U.S. Under-18 (NTDP)",,,R,SO,F,"Rossmoor, California ",Rossmoor, California 
18,#25,Mitch MacMillan,,,11-May,185,89,"Penticton, British Columbia / Alberni Valley (BCHL) Previous College: St. Cloud State (2011-12)",,,L,SR,F,"Penticton, British Columbia ",Penticton, British Columbia 
25,#33,Clarke Saunders,,,2-Jun,220,89,"Brockville, Ontario / Brockville (CCHL) Previous College: Alabama Huntsville (2011-12)",,,L,SR,G,"Brockville, Ontario ",Brockville, Ontario 
3,#5,Nick Mattson (CHI),,,1-Jun,184,91,"Chanhassen, Minnesota / Indiana (USHL)",,,L,SR,D,"Chanhassen, Minnesota ",Chanhassen, Minnesota 
5,#7,Wade Murphy (NSH),,,Jun-00,190,93,"Victoria, British Columbia / Penticton (BCHL)",,,R,SO,F,"Victoria, British Columbia ",Victoria, British Columbia 
10,#13,Connor Gaarder,,,10-May,198,91,"Edina, Minnesota / Coulee Region (NAHL)",,,R,SR,F,"Edina, Minnesota ",Edina, Minnesota 
12,#15,Michael Parks (PHI),,,Jun-00,198,92,"St. Louis, Missouri / Cedar Rapids (USHL)",,,R,SR,F,"St. Louis, Missouri ",St. Louis, Missouri 
13,#16,Mark MacMillan (MTL),,,Jun-00,184,92,"Penticton, British Columbia / Penticton (BCHL)",,,L,SR,F,"Penticton, British Columbia ",Penticton, British Columbia 
16,#21,Brendan O'Donnell (TBL),,,Jun-00,193,92,"Winnipeg, Manitoba / Penticton (BCHL)",,,L,SR,F,"Winnipeg, Manitoba ",Winnipeg, Manitoba 
17,#22,Andrew Panzarella,,,1-Jun,208,90,"Washington, District of Columbia / Waterloo (USHL)",,,R,SR,D,"Washington, District of Columbia ",Washington, District of Columbia 
18,#24,Jordan Schmaltz (STL),,,2-Jun,194,93,"Verona, Wisconsin / Green Bay (USHL)",,,R,JR,D,"Verona, Wisconsin ",Verona, Wisconsin 
21,#28,Stephane Pattyn,,,2-Jun,215,91,"Ste. Anne, Manitoba / Portage (MJHL)",,,L,SR,F,"Ste. Anne, Manitoba ",Ste. Anne, Manitoba 
24,#31,Zane McIntyre (BOS),,,2-Jun,206,92,"Thief River Falls, Minnesota / Fargo (USHL)",,,L,JR,G,"Thief River Falls, Minnesota ",Thief River Falls, Minnesota 
0,#2,Troy Stecher,,,11-May,191,94,"Richmond, British Columbia / Penticton (BCHL)",,,R,JR,D,"Richmond, British Columbia ",Richmond, British Columbia 
2,#4,Keaton Thompson (ANA),,,1-Jun,200,95,"Devils Lake, North Dakota / U.S. Under-18 (NTDP)",,,L,JR,D,"Devils Lake, North Dakota ",Devils Lake, North Dakota 
3,#6,Paul LaDue (LOS),,,1-Jun,197,92,"Grand Forks, North Dakota / Lincoln (USHL)",,,R,JR,D,"Grand Forks, North Dakota ",Grand Forks, North Dakota 
4,#8,Nick Schmaltz (CHI),,,1-Jun,181,96,"Verona, Wisconsin / Green Bay (USHL)",,,R,SO,F,"Verona, Wisconsin ",Verona, Wisconsin 
5,#9,Drake Caggiula,,,10-May,185,94,"Whitby, Ontario / Stouffville (OJHL)",,,L,SR,F,"Whitby, Ontario ",Whitby, Ontario 
11,#17,Colten St. Clair,,,11-May,197,92,"Gilbert, Arizona / Fargo (USHL)",,,R,SR,F,"Gilbert, Arizona ",Gilbert, Arizona 
16,#22,Rhett Gardner,,,2-Jun,215,96,"Moose Jaw, Saskatchewan / Okotoks (AJHL)",,,L,FR,F,"Moose Jaw, Saskatchewan ",Moose Jaw, Saskatchewan 
19,#26,Coltyn Sanderson,,,1-Jun,200,91,"Moose Jaw, Saskatchewan / Weyburn (SJHL)",,,L,SR,F,"Moose Jaw, Saskatchewan ",Moose Jaw, Saskatchewan 
20,#27,Luke Johnson (CHI),,,Jun-00,194,94,"Grand Forks, North Dakota / Lincoln (USHL)",,,R,JR,F,"Grand Forks, North Dakota ",Grand Forks, North Dakota 
22,#29,Bryn Chyzyk,,,Jun-00,180,92,"Virden, Manitoba / Fargo (USHL)",,,L,SR,F,"Virden, Manitoba ",Virden, Manitoba 
0,#3,Tucker Poolman (WPG),,,4-Jun,217,93,"East Grand Forks, Minnesota / Omaha (USHL)",,,R,JR,D,"East Grand Forks, Minnesota ",East Grand Forks, Minnesota 
8,#13,Mike Gornall,,,11-May,198,94,"Irwin, Pennsylvania / Topeka (NAHL)",,,R,SO,F,"Irwin, Pennsylvania ",Irwin, Pennsylvania 
10,#16,Brock Boeser (VAN),,,1-Jun,200,97,"Burnsville, Minnesota / Waterloo (USHL)",,,R,SO,F,"Burnsville, Minnesota ",Burnsville, Minnesota 
11,#17,Tyson Jost (COL),,,11-May,195,98,"St. Albert, Alberta / Penticton (BCHL)",,,L,FR,F,"St. Albert, Alberta ",St. Albert, Alberta 
12,#18,Chris Wilkie (FLA),,,Jun-00,185,96,"Omaha, Nebraska / Tri-City (USHL)",,,R,SO,F,"Omaha, Nebraska ",Omaha, Nebraska 
14,#20,Gage Ausmus (SJS),,,2-Jun,215,95,"East Grand Forks, Minnesota / U.S. Under-18 (NTDP)",,,L,SR,D,"East Grand Forks, Minnesota ",East Grand Forks, Minnesota 
15,#21,Danys Chartrand,,,2-Jun,191,94,"Winnipeg, Manitoba / Flin Flon (SJHL)",,,L,SO,D,"Winnipeg, Manitoba ",Winnipeg, Manitoba 
22,#30,Matt Hrynkiw,,,10-May,182,92,"Saskatoon, Saskatchewan / Humboldt (SJHL)",,,L,SR,G,"Saskatoon, Saskatchewan ",Saskatoon, Saskatchewan 
23,#31,Matej Tomek (PHI),,,2-Jun,179,97,"Bratislava, Slovakia / Topeka (NAHL)",,,L,SO,G,"Bratislava, Slovakia ",Bratislava, Slovakia 
9,#10,Johnny Simonson,,,10-May,173,93,"Grand Forks, North Dakota / Lincoln (USHL)",,,L,SR,F,"Grand Forks, North Dakota ",Grand Forks, North Dakota 
10,#11,Trevor Olson,,,2-Jun,200,93,"Duluth, Minnesota / Sioux City (USHL)",,,R,SR,F,"Duluth, Minnesota ",Duluth, Minnesota 
11,#14,Austin Poganski (STL),,,2-Jun,210,96,"St. Cloud, Minnesota / Tri-City (USHL)",,,R,SR,F,"St. Cloud, Minnesota ",St. Cloud, Minnesota 
14,#19,Shane Gersich (WSH),,,11-May,183,96,"Chaska, Minnesota / Omaha (USHL)",,,L,JR,F,"Chaska, Minnesota ",Chaska, Minnesota 
17,#24,Christian Wolanin (OTT),,,1-Jun,187,95,"Detroit, Michigan / Muskegon (USHL)",,,L,JR,D,"Detroit, Michigan ",Detroit, Michigan 
23,#33,Cam Johnson,,,1-Jun,205,94,"Flint, Michigan / Waterloo (USHL)",,,L,SR,G,"Flint, Michigan ",Flint, Michigan 
7,#8,Nick Jones,,,11-May,189,96,"Edmonton, Alberta / Penticton (BCHL) Previous College: Ohio State (2015-16)",,,R,SR,F,"Edmonton, Alberta ",Edmonton, Alberta 
17,#22,Rhett Gardner (DAL),,,3-Jun,207,96,"Moose Jaw, Saskatchewan / Okotoks (AJHL)",,,L,SR,F,"Moose Jaw, Saskatchewan ",Moose Jaw, Saskatchewan 
19,#25,Joel Janatuinen,,,Jun-00,189,95,"Espoo, Finland / Sioux City (USHL)",,,L,SR,F,"Espoo, Finland ",Espoo, Finland 
21,#27,Ludvig Hoff,,,10-May,191,96,"Oslo, Norway / Lincoln (USHL)",,,L,JR,F,"Oslo, Norway ",Oslo, Norway 
22,#28,Hayden Shaw,,,11-May,198,96,"Woodbury, Minnesota / Dubuque (USHL)",,,L,SR,D,"Woodbury, Minnesota ",Woodbury, Minnesota 
26,#35,Ryan Anderson,,,2-Jun,205,95,"Roseau, Minnesota / Minnesota (NAHL)",,,L,SR,G,"Roseau, Minnesota ",Roseau, Minnesota 
3,#4,Andrew Peski,,,Jun-00,209,97,"Ottawa, Ontario / Tri-City (USHL)",,,R,SR,D,"Ottawa, Ontario ",Ottawa, Ontario 
4,#5,Casey Johnson,,,2-Jun,203,96,"Grand Forks, North Dakota / Dubuque (USHL)",,,L,SR,F/D,"Grand Forks, North Dakota ",Grand Forks, North Dakota 
5,#6,Colton Poolman,,,1-Jun,195,95,"East Grand Forks, Minnesota / Penticton (BCHL)",,,L,SR,D,"East Grand Forks, Minnesota ",East Grand Forks, Minnesota 
6,#7,Zach Yon,,,Jun-00,195,95,"Roseau, Minnesota / Waterloo (USHL)",,,L,SR,F,"Roseau, Minnesota ",Roseau, Minnesota 
8,#9,Dixon Bowen,,,11-May,187,96,"East Grand Forks, Minnesota / Penticton (BCHL)",,,R,SR,F,"East Grand Forks, Minnesota ",East Grand Forks, Minnesota 
10,#11,Westin Michaud,,,9-May,175,95,"Cloquet, Minnesota / Sioux Falls (USHL) Previous College: Colorado College (2018-19)",,,L,SR,F,"Cloquet, Minnesota ",Cloquet, Minnesota 
15,#17,Jonny Tychonick (OTT),,,10-May,177,0,"Calgary, Alberta / Penticton (BCHL)",,,L,SO,D,"Calgary, Alberta ",Calgary, Alberta 
22,#26,Cole Smith,,,3-Jun,197,95,"Brainerd, Minnesota / Steinbach (MJHL)",,,L,SR,F,"Brainerd, Minnesota ",Brainerd, Minnesota 
0,#1,Peter Thome (CLB),,,4-Jun,205,97,"Minneapolis, Minnesota / Waterloo (USHL)",,,L,SR,G,"Minneapolis, Minnesota ",Minneapolis, Minnesota 
1,#2,Gabe Bast,,,10-May,195,96,"Red Deer, Alberta / Penticton (BCHL)",,,R,SR,D,"Red Deer, Alberta ",Red Deer, Alberta 
2,#3,Matt Kiersted,,,Jun-00,186,98,"Elk River, Minnesota / Chicago (USHL)",,,L,SR,D,"Elk River, Minnesota ",Elk River, Minnesota 
3,#4,Cooper Moore (DET),,,1-Jun,182,1,"Cos Cob, Connecticut / Chilliwack (BCHL)",,,L,FR,D,"Cos Cob, Connecticut ",Cos Cob, Connecticut 
4,#8,Harrison Blaisdell (WPG),,,11-May,190,1,"Regina, Saskatchewan / Chilliwack (BCHL)",,,L,SO,F,"Regina, Saskatchewan ",Regina, Saskatchewan 
5,#9,Brendan Budy,,,10-May,180,0,"Langley, British Columbia / Langley (BCHL) Previous College: Denver (2018-19)",,,L,SO,F,"Langley, British Columbia ",Langley, British Columbia 
6,#10,Gavin Hain (PHI),,,Jun-00,197,0,"Grand Rapids, Minnesota / U.S. Under-18 (NTDP)",,,L,JR,F,"Grand Rapids, Minnesota ",Grand Rapids, Minnesota 
7,#11,Griffin Ness,,,11-May,174,99,"Wayzata, Minnesota / Waterloo (USHL)",,,R,FR,F,"Wayzata, Minnesota ",Wayzata, Minnesota 
8,#13,Carson Albrecht,,,10-May,192,98,"Martensville, Saskatchewan / Melfort (SJHL)",,,R,SO,F,"Martensville, Saskatchewan ",Martensville, Saskatchewan 
9,#14,Jasper Weatherby (SJS),,,3-Jun,206,98,"Ashland, Oregon / Wenatchee (BCHL)",,,L,JR,F,"Ashland, Oregon ",Ashland, Oregon 
10,#15,Ethan Frisch,,,11-May,190,0,"Moorhead, Minnesota / Fargo (USHL)",,,R,SO,D,"Moorhead, Minnesota ",Moorhead, Minnesota 
11,#16,Grant Mismash (NSH),,,1-Jun,195,99,"Edina, Minnesota / U.S. Under-18 (NTDP)",,,L,SR,F,"Edina, Minnesota ",Edina, Minnesota 
12,#17,Riese Gaber,,,8-May,161,99,"Gilbert Plains, Manitoba / Dubuque (USHL)",,,R,FR,F,"Gilbert Plains, Manitoba ",Gilbert Plains, Manitoba 
13,#18,Collin Adams (NYI),,,9-May,188,98,"Brighton, Michigan / Muskegon (USHL)",,,L,SR,F,"Brighton, Michigan ",Brighton, Michigan 
14,#19,Mark Senden,,,9-May,190,98,"Medina, Minnesota / Fargo (USHL)",,,L,JR,F,"Medina, Minnesota ",Medina, Minnesota 
15,#20,Josh Rieger,,,Jun-00,195,96,"Regina, Saskatchewan / Estevan (SJHL)",,,R,SR,D,"Regina, Saskatchewan ",Regina, Saskatchewan 
16,#21,Jackson Keane,,,9-May,165,97,"Winnipeg, Manitoba / Penticton (BCHL)",,,L,SR,F,"Winnipeg, Manitoba ",Winnipeg, Manitoba 
17,#22,Shane Pinto (OTT),,,2-Jun,195,0,"Franklin Square, New York / Tri-City (USHL)",,,R,SO,F,"Franklin Square, New York ",Franklin Square, New York 
18,#24,Jacob Bernard-Docker (OTT),,,Jun-00,185,0,"Canmore, Alberta / Okotoks (AJHL)",,,R,JR,D,"Canmore, Alberta ",Canmore, Alberta 
19,#25,Tyler Kleven (OTT),,,4-Jun,198,2,"Fargo, North Dakota / U.S. Under-18 (NTDP)",,,L,FR,D,"Fargo, North Dakota ",Fargo, North Dakota 
20,#26,Jake Sanderson (OTT),,,Jun-00,183,2,"Whitefish, Montana / U.S. Under-18 (NTDP)",,,L,FR,D,"Whitefish, Montana ",Whitefish, Montana 
21,#28,Judd Caulfield (PIT),,,4-Jun,205,1,"Grand Forks, North Dakota / U.S. Under-18 (NTDP)",,,R,SO,F,"Grand Forks, North Dakota ",Grand Forks, North Dakota 
22,#29,Jordan Kawaguchi,,,9-May,180,97,"Abbotsford, British Columbia / Chilliwack (BCHL)",,,L,SR,F,"Abbotsford, British Columbia ",Abbotsford, British Columbia 
23,#31,Adam Scheel,,,3-Jun,197,99,"Lakewood, Ohio / Penticton (BCHL)",,,L,JR,G,"Lakewood, Ohio ",Lakewood, Ohio 
24,#35,Harrison Feeney,,,2-Jun,220,98,"Lafayette Hill, Pennsylvania / Lone Star (NAHL)",,,L,SO,G,"Lafayette Hill, Pennsylvania ",Lafayette Hill, Pennsylvania 
